{
    "bbbp": {
        "id": {
            "val": {
                "acc": [
                    [
                        0.75,
                        0.7745097875595093,
                        0.813725471496582,
                        0.813725471496582
                    ],
                    [
                        0.7450980544090271,
                        0.779411792755127,
                        0.8186274766921997,
                        0.8382353186607361
                    ],
                    [
                        0.6715686321258545,
                        0.7254902124404907,
                        0.7941176295280457,
                        0.8480392098426819
                    ],
                    [
                        0.7696078419685364,
                        0.7941176295280457,
                        0.8284313678741455,
                        0.8333333134651184
                    ],
                    [
                        0.7352941036224365,
                        0.7696078419685364,
                        0.8186274766921997,
                        0.8088235259056091
                    ]
                ]
            },
            "test": {
                "acc": [
                    [
                        0.7549019455909729,
                        0.7745097875595093,
                        0.8186274766921997,
                        0.8235294222831726
                    ],
                    [
                        0.7058823704719543,
                        0.7647058963775635,
                        0.8039215803146362,
                        0.843137264251709
                    ],
                    [
                        0.7450980544090271,
                        0.813725471496582,
                        0.8186274766921997,
                        0.8382353186607361
                    ],
                    [
                        0.7549019455909729,
                        0.7941176295280457,
                        0.843137264251709,
                        0.8235294222831726
                    ],
                    [
                        0.7696078419685364,
                        0.7843137383460999,
                        0.8088235259056091,
                        0.8186274766921997
                    ]
                ]
            },
            "test_R": {}
        }
    },
    "bamultishapes": {
        "id": {
            "val": {
                "acc": [
                    [
                        0.7699999809265137,
                        0.6100000143051147,
                        0.8600000143051147,
                        0.949999988079071
                    ],
                    [
                        0.7400000095367432,
                        0.7699999809265137,
                        0.6200000047683716,
                        0.9399999976158142
                    ],
                    [
                        0.7099999785423279,
                        0.6899999976158142,
                        0.7900000214576721,
                        0.949999988079071
                    ],
                    [
                        0.5400000214576721,
                        0.550000011920929,
                        0.6100000143051147,
                        0.949999988079071
                    ],
                    [
                        0.5400000214576721,
                        0.5600000023841858,
                        0.5699999928474426,
                        0.949999988079071
                    ]
                ]
            },
            "test": {
                "acc": [
                    [
                        0.699999988079071,
                        0.5899999737739563,
                        0.8500000238418579,
                        0.949999988079071
                    ],
                    [
                        0.6299999952316284,
                        0.6899999976158142,
                        0.5,
                        0.9599999785423279
                    ],
                    [
                        0.6200000047683716,
                        0.6800000071525574,
                        0.7699999809265137,
                        0.949999988079071
                    ],
                    [
                        0.41999998688697815,
                        0.41999998688697815,
                        0.550000011920929,
                        0.9800000190734863
                    ],
                    [
                        0.41999998688697815,
                        0.41999998688697815,
                        0.4399999976158142,
                        0.9700000286102295
                    ]
                ]
            },
            "test_R": {}
        }
    }
}