{
    "bbbp": {
        "id": {
            "val": {
                "acc": [
                    [
                        0.7450980544090271,
                        0.779411792755127,
                        0.7941176295280457,
                        0.813725471496582
                    ],
                    [
                        0.75,
                        0.7745097875595093,
                        0.8186274766921997,
                        0.8284313678741455
                    ],
                    [
                        0.6715686321258545,
                        0.7156862616539001,
                        0.7941176295280457,
                        0.843137264251709
                    ],
                    [
                        0.7696078419685364,
                        0.7892156839370728,
                        0.8333333134651184,
                        0.8333333134651184
                    ],
                    [
                        0.75,
                        0.7647058963775635,
                        0.8186274766921997,
                        0.813725471496582
                    ]
                ]
            },
            "test": {
                "acc": [
                    [
                        0.7450980544090271,
                        0.7745097875595093,
                        0.8284313678741455,
                        0.8284313678741455
                    ],
                    [
                        0.7156862616539001,
                        0.7647058963775635,
                        0.813725471496582,
                        0.8529411554336548
                    ],
                    [
                        0.7450980544090271,
                        0.813725471496582,
                        0.813725471496582,
                        0.843137264251709
                    ],
                    [
                        0.7450980544090271,
                        0.7892156839370728,
                        0.8382353186607361,
                        0.8235294222831726
                    ],
                    [
                        0.7696078419685364,
                        0.7892156839370728,
                        0.8088235259056091,
                        0.8186274766921997
                    ]
                ]
            },
            "test_R": {}
        }
    },
    "bamultishapes": {
        "id": {
            "val": {
                "acc": [
                    [
                        0.7799999713897705,
                        0.6499999761581421,
                        0.8999999761581421,
                        0.9399999976158142
                    ],
                    [
                        0.7400000095367432,
                        0.75,
                        0.550000011920929,
                        0.8999999761581421
                    ],
                    [
                        0.6899999976158142,
                        0.6499999761581421,
                        0.7200000286102295,
                        0.8999999761581421
                    ],
                    [
                        0.5400000214576721,
                        0.550000011920929,
                        0.6100000143051147,
                        0.949999988079071
                    ],
                    [
                        0.5400000214576721,
                        0.5600000023841858,
                        0.6000000238418579,
                        0.9399999976158142
                    ]
                ]
            },
            "test": {
                "acc": [
                    [
                        0.7300000190734863,
                        0.6399999856948853,
                        0.8999999761581421,
                        0.9599999785423279
                    ],
                    [
                        0.6299999952316284,
                        0.6499999761581421,
                        0.47999998927116394,
                        0.8700000047683716
                    ],
                    [
                        0.5799999833106995,
                        0.6299999952316284,
                        0.6899999976158142,
                        0.8799999952316284
                    ],
                    [
                        0.41999998688697815,
                        0.4300000071525574,
                        0.5600000023841858,
                        0.9800000190734863
                    ],
                    [
                        0.41999998688697815,
                        0.41999998688697815,
                        0.5,
                        0.9300000071525574
                    ]
                ]
            },
            "test_R": {}
        }
    }
}